CREATE TABLE MARINA
(MARINA_NUM CHAR(4) PRIMARY KEY,
NAME CHAR(20),
ADDRESS CHAR(15),
CITY CHAR(15),
STATE CHAR(2),
ZIP CHAR(5) );
CREATE TABLE OWNER
(OWNER_NUM CHAR(4) PRIMARY KEY,
LAST_NAME CHAR(50),
FIRST_NAME CHAR(20),
ADDRESS CHAR(15),
CITY CHAR(15),
STATE CHAR(2),
ZIP CHAR(5) );
CREATE TABLE MARINA_SLIP
(SLIP_ID DECIMAL(4,0) PRIMARY KEY,
MARINA_NUM CHAR(4),
SLIP_NUM CHAR(4),
LENGTH DECIMAL(4,0),
RENTAL_FEE DECIMAL(8,2),
BOAT_NAME CHAR(50),
BOAT_TYPE CHAR(50),
OWNER_NUM CHAR(4),
FOREIGN KEY (MARINA_NUM) REFERENCES MARINA (MARINA_NUM),
FOREIGN KEY (OWNER_NUM) REFERENCES OWNER (OWNER_NUM) );
CREATE TABLE SERVICE_CATEGORY
(CATEGORY_NUM DECIMAL(4,0) PRIMARY KEY,
CATEGORY_DESCRIPTION CHAR(255) );
CREATE TABLE SERVICE_REQUEST
(SERVICE_ID DECIMAL(4,0) PRIMARY KEY,
SLIP_ID DECIMAL(4,0),
CATEGORY_NUM DECIMAL(4,0),
DESCRIPTION CHAR(255),
STATUS CHAR(255),
EST_HOURS DECIMAL(4,2),
SPENT_HOURS DECIMAL(4,2),
NEXT_SERVICE_DATE DATE,
FOREIGN KEY (CATEGORY_NUM) REFERENCES SERVICE_CATEGORY (CATEGORY_NUM),
FOREIGN KEY (SLIP_ID) REFERENCES MARINA_SLIP (SLIP_ID) );
INSERT INTO OWNER
VALUES
('AD57','Adney','Bruce and Jean','208 Citrus','Bowton','FL','31313');
INSERT INTO OWNER
VALUES
('AN75','Anderson','Bill','18 Wilcox','Glander Bay','FL','31044');
INSERT INTO OWNER
VALUES
('BL72','Blake','Mary','2672 Commodore','Bowton','FL','31313');
INSERT INTO OWNER
VALUES
('EL25','Elend','Sandy and Bill','462 Riverside','Rivard','FL','31062');
INSERT INTO OWNER
VALUES
('FE82','Feenstra','Daniel','7822 Coventry','Kaleva','FL','32521');
INSERT INTO OWNER
VALUES
('JU92','Juarez','Maria','8922 Oak','Rivard','FL','31062');
INSERT INTO OWNER
VALUES
('KE22','Kelly','Alyssa','5271 Waters','Bowton','FL','31313');
INSERT INTO OWNER
VALUES
('NO27','Norton','Peter','2811 Lakewood','Lewiston','FL','32765');
INSERT INTO OWNER
VALUES
('SM72','Smeltz','Becky and Dave','922 Garland','Glander Bay','FL','31044');
INSERT INTO OWNER
VALUES
('TR72','Trent','Ashton','922 Crest','Bay Shores','FL','30992');
INSERT INTO MARINA
VALUES
('1','Alexamara East','108 2nd Ave.','Brinman','FL','32273');
INSERT INTO MARINA
VALUES
('2','Alexamara Central','283 Branston','W. Brinman','FL','32274');
INSERT INTO MARINA_SLIP
VALUES
(1,'1','A1',40,3800.00,'Anderson II','Sprite 4000','AN75');
INSERT INTO MARINA_SLIP
VALUES
(2,'1','A2',40,3800.00,'Our Toy','Ray 4025','EL25');
INSERT INTO MARINA_SLIP
VALUES
(3,'1','A3',40,3600.00,'Escape','Sprite 4000','KE22');
INSERT INTO MARINA_SLIP
VALUES
(4,'1','B1',30,2400.00,'Gypsy','Dolphin 28','JU92');
INSERT INTO MARINA_SLIP
VALUES
(5,'1','B2',30,2600.00,'Anderson III','Sprite 3000','AN75');
INSERT INTO MARINA_SLIP
VALUES
(6,'2','1',25,1800.00,'Bravo','Dolphin 25','AD57');
INSERT INTO MARINA_SLIP
VALUES
(7,'2','2',25,1800.00,'Chinook','Dolphin 22','FE82');
INSERT INTO MARINA_SLIP
VALUES
(8,'2','3',25,2000.00,'Listy','Dolphin 25','SM72');
INSERT INTO MARINA_SLIP
VALUES
(9,'2','4',30,2500.00,'Mermaid','Dolphin 28','BL72');
INSERT INTO MARINA_SLIP
VALUES
(10,'2','5',40,4200.00,'Axxon II','Dolphin 40','NO27');
INSERT INTO MARINA_SLIP
VALUES
(11,'2','6',40,4200.00,'Karvel','Ray 4025','TR72');

INSERT INTO SERVICE_CATEGORY
VALUES
(1,'Routine engine maintenance');
INSERT INTO SERVICE_CATEGORY
VALUES
(2,'Engine repair');
INSERT INTO SERVICE_CATEGORY
VALUES
(3,'Air conditioning');
INSERT INTO SERVICE_CATEGORY
VALUES
(4,'Electrical systems');
INSERT INTO SERVICE_CATEGORY
VALUES
(5,'Fiberglass repair');
INSERT INTO SERVICE_CATEGORY
VALUES
(6,'Canvas installation');
INSERT INTO SERVICE_CATEGORY
VALUES
(7,'Canvas repair');
INSERT INTO SERVICE_CATEGORY
VALUES
(8,'Electronic systems (radar, GPS, autopilots, etc.)');
INSERT INTO SERVICE_REQUEST
VALUES
(1,1,3,'Air conditioner periodically stops with code indicating low coolant level. Diagnose and repair.','Technician has verified the problem. Air conditioning specialist has been called.','4','2','2007-07-12');
INSERT INTO SERVICE_REQUEST
VALUES
(2,5,4,'Fuse on port motor blown on two occasions. Diagnose and repair.','Open','2','0','2007-07-12');
INSERT INTO SERVICE_REQUEST
VALUES
(3,4,1,'Oil change and general routine maintenance (check fluid levels, clean sea strainers etc.).','Service call has been scheduled.','1','0','2007-07-16');
INSERT INTO SERVICE_REQUEST
VALUES
(4,1,2,'Engine oil level has been dropping drastically. Diagnose and repair.','Open','2','0','2007-07-13');
INSERT INTO SERVICE_REQUEST
VALUES
(5,3,5,'Open pockets at base of two stantions.','Technician has completed the initial filling of the open pockets. Will complete the job after the initial fill has had sufficient time to dry.','4','2','2007-07-13');
INSERT INTO SERVICE_REQUEST
VALUES
(6,11,4,'Electric-flush system periodically stops functioning. Diagnose and repair.','Open','3','0','2010-12-31');
INSERT INTO SERVICE_REQUEST
VALUES
(7,6,2,'Engine overheating. Loss of coolant. Diagnose and repair.','Open','2','0','2007-07-13');
INSERT INTO SERVICE_REQUEST
VALUES
(8,6,2,'Heat exchanger not operating correctly.','Technician has determined that the exchanger is faulty. New exchanger has been ordered.','4','1','2007-07-17');
INSERT INTO SERVICE_REQUEST
VALUES
(9,7,6,'Canvas severely damaged in windstorm. Order and install new canvas.','Open','8','0','2007-07-16');
INSERT INTO SERVICE_REQUEST
VALUES
(10,2,8,'Install new GPS and chart plotter.','Scheduled','7','0','2007-07-17');
INSERT INTO SERVICE_REQUEST
VALUES
(11,2,3,'Air conditioning unit shuts down with HHH showing on the control panel.','Technician not able to replicate the problem. Air conditioning unit ran fine through multiple tests. Owner to notify technician if the problem recurs.','1','1','2010-12-31');
INSERT INTO SERVICE_REQUEST
VALUES
(12,4,8,'Both speed and depth readings on data unit are significantly less than the owner thinks they should be.','Technician has scheduled appointment with owner to attempt to verify the problem.','2','0','2007-07-16');
INSERT INTO SERVICE_REQUEST
VALUES
(13,8,2,'Customer describes engine as making a clattering sound.','Technician suspects problem with either propeller or shaft and has scheduled the boat to be pulled from the water for further investigation.','5','2','2007-07-12');
INSERT INTO SERVICE_REQUEST
VALUES
(14,7,5,'Owner accident caused damage to forward portion of port side.','Technician has scheduled repair.','6','0','2007-07-13');
INSERT INTO SERVICE_REQUEST
VALUES
(15,11,7,'Canvas leaks around zippers in heavy rain. Install overlap around zippers to prevent leaks.','Overlap has been created. Installation has been scheduled.','8','3','2007-07-17');
UPDATE SERVICE_REQUEST
SET NEXT_SERVICE_DATE = Null
WHERE NEXT_SERVICE_DATE = '2010-12-31';

